Titles,Videos
Binging with Babish: Ram-Don from Parasite,https://www.youtube.com//watch?v=ge4vghXQTtQ
Millionaire's Shortbread | Basics with Babish,https://www.youtube.com//watch?v=GWAY5i3CMpo
Binging with Babish: The Perfect Bite from YOU (Netflix),https://www.youtube.com//watch?v=7vTxUYBD0Nk
Binging with Babish: Mac & Cheese from Once Upon a Time in Hollywood,https://www.youtube.com//watch?v=EuU_uUb_3nQ
Carnivorous Chili & Vegetarian Chili | Basics with Babish,https://www.youtube.com//watch?v=4BTm1Ezl6XE
Binging with Babish: Braciole from Everybody Loves Raymond,https://www.youtube.com//watch?v=1inpwA-_PzQ
Binging with Babish: Marmalade from Paddington,https://www.youtube.com//watch?v=g1j-5UkZyL0
Binging with Babish: Dessert Dogs from The Simpsons,https://www.youtube.com//watch?v=chil75Ip-3w
French Onion Soup | Basics with Babish,https://www.youtube.com//watch?v=1qRir364aNk
Binging with Babish: Egg Tarts from Avatar The Last Airbender,https://www.youtube.com//watch?v=F2ENkOF3fMQ
"Binging with Babish: Banoffee Pie from Love, Actually",https://www.youtube.com//watch?v=TNTKRj2lS1g
Porchetta | Basics with Babish,https://www.youtube.com//watch?v=YMF27Q9nLNY
Binging with Babish: Chili Dogs from The Irishman (feat. You Suck at Cooking),https://www.youtube.com//watch?v=c0A1bkF4mKM
Cornbread | Basics with Babish,https://www.youtube.com//watch?v=nAtCqHJofJk
Binging with Babish: Bone Broth from The Mandalorian,https://www.youtube.com//watch?v=6GHwG1y-NE0
The Book Tour | Being with Babish,https://www.youtube.com//watch?v=HVTiPWb2OZc
Binging with Babish: Osso Buco from The Office,https://www.youtube.com//watch?v=Jr9Is6NsFck
Thanksgiving Leftovers | Basics with Babish,https://www.youtube.com//watch?v=iTZIm0-PuUw
Binging with Babish: Turturkeykey from How I Met Your Mother,https://www.youtube.com//watch?v=FWQKc6idm64
Binging with Babish: Calzones from Seinfeld,https://www.youtube.com//watch?v=zWuWrdaYMlY
Healthier Versions of Unhealthy Foods | Basics with Babish,https://www.youtube.com//watch?v=yYUUobrsFDs
Binging with Babish: Tiramisu from Superbad,https://www.youtube.com//watch?v=J719grjgS-I
Food Styling | Bonus Basics with Babish,https://www.youtube.com//watch?v=pSotJsUcSmA
Binging with Babish: Nachos from The Good Place (plus Naco Redemption),https://www.youtube.com//watch?v=LgzudBvmd08
Pies | Basics with Babish,https://www.youtube.com//watch?v=i7648rZpdck
Binging with Babish: Glazed Pork Chops from Apex Legends,https://www.youtube.com//watch?v=SZcUJuXjCsw
I Surprised My Brother with a Tesla | Being with Babish,https://www.youtube.com//watch?v=N44XgSRE-gY
Binging with Babish: Crêpes from Talladega Nights,https://www.youtube.com//watch?v=Z1kR6SIr1XA
Espresso Drinks | Basics with Babish,https://www.youtube.com//watch?v=W-osWU1WJuM
Binging with Babish: $5 Shake from Pulp Fiction,https://www.youtube.com//watch?v=SfNgpLkV6KE
