Number,Link
0,https://www.youtube.com//watch?v=wOPjED3crv4
0,https://www.youtube.com//watch?v=R7HhX4MogT4
0,https://www.youtube.com//watch?v=52oDSSvR1rU
0,https://www.youtube.com//watch?v=P7oVlhz0VZo
0,https://www.youtube.com//watch?v=69KB4cXDxeM
0,https://www.youtube.com//watch?v=RjbpTbaQS7Q
0,https://www.youtube.com//watch?v=ZmOvNQu1YVw
0,https://www.youtube.com//watch?v=0iS_EcckpMs
0,https://www.youtube.com//watch?v=dgn5-CC_ewI
0,https://www.youtube.com//watch?v=GV3XsqeoHU4
0,https://www.youtube.com//watch?v=0Sza_Gw2sd4
0,https://www.youtube.com//watch?v=B7BcZg-gs68
0,https://www.youtube.com//watch?v=WFEVF_rH9yY
0,https://www.youtube.com//watch?v=KVGzOPEBMyY
0,https://www.youtube.com//watch?v=D1Maz67NxLI
0,https://www.youtube.com//watch?v=-Jhl95a83yY
0,https://www.youtube.com//watch?v=ts1d9469_GQ
0,https://www.youtube.com//watch?v=9hM78DrTKiE
0,https://www.youtube.com//watch?v=jbSRQaKBXQ8
0,https://www.youtube.com//watch?v=lwDm_AqyZG8
0,https://www.youtube.com//watch?v=QYAcnH4vKe0
0,https://www.youtube.com//watch?v=uLZfdZmHTsg
0,https://www.youtube.com//watch?v=wXr1oq-pxwo
0,https://www.youtube.com//watch?v=IrDbkeIPHug
0,https://www.youtube.com//watch?v=9JuDGFaKR-E
0,https://www.youtube.com//watch?v=rMbiC8Ac-HM
0,https://www.youtube.com//watch?v=_7ROs6jeuHw
0,https://www.youtube.com//watch?v=Up2VfbUVMfU
0,https://www.youtube.com//watch?v=XVe2qdppPzc
0,https://www.youtube.com//watch?v=VsqAaZiAB_E
0,https://www.youtube.com//watch?v=K5dhkgMTiGg
0,https://www.youtube.com//watch?v=-GzEbTWYVQY
0,https://www.youtube.com//watch?v=8pmZyK0rNkc
0,https://www.youtube.com//watch?v=TwmdAZYRotg
0,https://www.youtube.com//watch?v=I9AjBZZUdPc
0,https://www.youtube.com//watch?v=yXKKa26AMVc
0,https://www.youtube.com//watch?v=Lx7dZrKzPTA
0,https://www.youtube.com//watch?v=KXM4PJsp5eE
0,https://www.youtube.com//watch?v=qLwrzsbw_3w
0,https://www.youtube.com//watch?v=YsbsLw8Qgn4
0,https://www.youtube.com//watch?v=QaJg8gdpM_0
0,https://www.youtube.com//watch?v=wPoeLo5TuyI
0,https://www.youtube.com//watch?v=lnXeybyTycg
0,https://www.youtube.com//watch?v=mpaBTcNiI3A
0,https://www.youtube.com//watch?v=9MBshxwBfis
0,https://www.youtube.com//watch?v=dG3Vp8yTIPI
0,https://www.youtube.com//watch?v=D5v9CaZsJYU
0,https://www.youtube.com//watch?v=WK3a2f7oXCE
0,https://www.youtube.com//watch?v=1vGYr09ahSM
0,https://www.youtube.com//watch?v=DTB_YMCSgdY
0,https://www.youtube.com//watch?v=thDL9haNirw
0,https://www.youtube.com//watch?v=0ADty6mlm6w
0,https://www.youtube.com//watch?v=06nCYcw_ukk
0,https://www.youtube.com//watch?v=CrQVPOicr20
0,https://www.youtube.com//watch?v=dtzcRY4GzKE
0,https://www.youtube.com//watch?v=7XQl0MeSbG0
0,https://www.youtube.com//watch?v=GQLUOeo9cps
0,https://www.youtube.com//watch?v=iK8Vfmm6r2Q
0,https://www.youtube.com//watch?v=JgGcOtpnCC0
0,https://www.youtube.com//watch?v=YfwQVTLwnpE
0,https://www.youtube.com//watch?v=M9xnGTqGT9c
0,https://www.youtube.com//watch?v=u1ToQ-B1F24
0,https://www.youtube.com//watch?v=xZCEaKHtW_Q
0,https://www.youtube.com//watch?v=EpIhDq0xUdg
0,https://www.youtube.com//watch?v=5fzpG3gUJXU
0,https://www.youtube.com//watch?v=QRME7q5UUp4
0,https://www.youtube.com//watch?v=iXwUvu5t9SU
0,https://www.youtube.com//watch?v=EQTCJCcSQWo
0,https://www.youtube.com//watch?v=_1pvgXkwvHw
0,https://www.youtube.com//watch?v=i4aJl5De3VI
0,https://www.youtube.com//watch?v=AwAJ4vqVnBU
0,https://www.youtube.com//watch?v=VYfL88q4FXg
0,https://www.youtube.com//watch?v=LJFSm1xR1wc
0,https://www.youtube.com//watch?v=rufk3Yh7MN4
0,https://www.youtube.com//watch?v=QvFzQRCnMX4
